1234600552|TERMINO
1234601012|TERMINO
1234596962|TERMINO
1234597073|TERMINO
1234597136|TERMINO
1234597582|TERMINO
1234597645|TERMINO
1234597708|TERMINO
1234597868|TERMINO
1234597931|TERMINO
1234598042|TERMINO
1234598105|TERMINO
1234598265|TERMINO
1234598328|TERMINO
1234598488|VENCIDO
1234598551|TERMINO
1234598614|TERMINO
1234598774|TERMINO
1234599011|TERMINO
1234596899|TERMINO
1234599394|VENCIDO
1234599457|TERMINO
1234598997|TERMINO
1234599171|TERMINO
1234599234|TERMINO
1234599520|TERMINO
1234599680|TERMINO
1234599743|VENCIDO
1234599806|TERMINO
1234599966|TERMINO
1234600043|TERMINO
1234597296|TERMINO
1234597359|TERMINO
1234597422|TERMINO
1234600106|TERMINO
1234600266|TERMINO
1234600329|TERMINO
1234600489|TERMINO
1234598837|TERMINO
1234600615|TERMINO
1234600775|TERMINO
1234600998|VENCIDO
1234600838|TERMINO
1234601172|TERMINO
1234601235|TERMINO
1234601395|TERMINO
1234601458|TERMINO
1234601521|TERMINO
1234601681|TERMINO
1234601744|TERMINO
1234601807|TERMINO
1234602078|TERMINO
1234602141|TERMINO
1234602204|TERMINO
1234602364|TERMINO
1234602427|TERMINO
1234602587|TERMINO
1234602650|TERMINO
1234602713|TERMINO
1234602873|TERMINO
1234602936|TERMINO
1234603047|TERMINO
1234603110|TERMINO
1234603270|TERMINO
1234603333|TERMINO
1234603619|TERMINO
1234601967|TERMINO
1234603493|TERMINO
1234603556|TERMINO
1234573284|TERMINO
1234568478|TERMINO
1234569224|TERMINO
1234571312|TERMINO
1234571472|TERMINO
1234571535|TERMINO
1234571695|TERMINO
1234571758|TERMINO
1234571821|TERMINO
1234571981|TERMINO
1234572092|TERMINO
1234572218|TERMINO
1234572378|TERMINO
1234569098|TERMINO
1234573124|TERMINO
1234569161|TERMINO
1234569384|TERMINO
1234569447|TERMINO
1234569510|TERMINO
1234569670|TERMINO
1234569733|TERMINO
1234569893|TERMINO
1234569956|TERMINO
1234570566|TERMINO
1234570915|TERMINO
1234571026|TERMINO
1234575159|TERMINO
1234572155|TERMINO
1234572441|TERMINO
1234572504|TERMINO
1234572664|TERMINO
1234572727|TERMINO
1234572887|TERMINO
1234574825|TERMINO
1234573633|TERMINO
1234573793|TERMINO
1234573856|TERMINO
1234573919|TERMINO
1234574190|TERMINO
1234574253|TERMINO
1234574316|TERMINO
1234574476|TERMINO
1234574539|TERMINO
1234574699|TERMINO
1234570789|TERMINO
1234568541|TERMINO
1234570120|TERMINO
1234570280|TERMINO
1234570343|TERMINO
1234570852|TERMINO
1234571249|TERMINO
1234572950|TERMINO
1234573410|TERMINO
1234573570|TERMINO
1234570057|TERMINO
1234570406|VENCIDO
1234571186|TERMINO
1234575096|TERMINO
1234575222|TERMINO
1234573061|TERMINO
1234568192|TERMINO
1234568255|TERMINO
1234568318|TERMINO
1234574762|TERMINO
1234570629|TERMINO
1234577543|TERMINO
1234577257|TERMINO
1234578512|VENCIDO
1234568827|TERMINO
1234574985|TERMINO
1234576351|TERMINO
1234577989|VENCIDO
1234577320|TERMINO
1234578449|TERMINO
1234578386|TERMINO
1234576288|TERMINO
1234578672|TERMINO
1234578735|TERMINO
1234579132|TERMINO
1234574030|TERMINO
1234577766|TERMINO
1234578163|TERMINO
1234578226|TERMINO
1234577194|TERMINO
1234578958|VENCIDO
1234568764|TERMINO
1234576574|VENCIDO
1234576128|TERMINO
1234579292|TERMINO
1234577606|TERMINO
1234577829|TERMINO
1234578003|TERMINO
1234567921|TERMINO
1234578895|VENCIDO
1234576065|TERMINO
1234579355|TERMINO
1234576797|TERMINO
1234576860|TERMINO
1234576923|TERMINO
1234579069|TERMINO
1234575445|TERMINO
1234575954|TERMINO
1234576414|VENCIDO
1234576637|TERMINO
1234575508|TERMINO
1234593895|VENCIDO
1234579418|TERMINO
1234577034|VENCIDO
1234579578|TERMINO
1234575668|TERMINO
1234580314|TERMINO
1234580474|TERMINO
1234580537|TERMINO
1234580697|TERMINO
1234575731|VENCIDO
1234580983|TERMINO
1234580251|TERMINO
1234580823|TERMINO
1234580760|TERMINO
1234580188|TERMINO
1234583318|TERMINO
1234583478|TERMINO
1234584224|TERMINO
1234584384|TERMINO
1234584447|TERMINO
1234584510|TERMINO
1234584670|TERMINO
1234584733|TERMINO
1234585416|TERMINO
1234585639|TERMINO
1234585862|TERMINO
1234585925|TERMINO
1234585353|TERMINO
1234585799|TERMINO
1234586196|TERMINO
1234586322|TERMINO
1234586482|TERMINO
1234581380|TERMINO
1234579704|TERMINO
1234579864|TERMINO
1234580028|TERMINO
1234581094|TERMINO
1234581157|TERMINO
1234583192|TERMINO
1234583255|TERMINO
1234586259|TERMINO
1234588866|TERMINO
1234582349|TERMINO
1234582572|TERMINO
1234582635|TERMINO
1234583541|TERMINO
1234583604|TERMINO
1234583764|TERMINO
1234583827|TERMINO
1234583987|VENCIDO
1234584098|TERMINO
1234584161|TERMINO
1234584893|TERMINO
1234584956|TERMINO
1234585130|VENCIDO
1234585576|TERMINO
1234588706|TERMINO
1234585290|TERMINO
1234586036|TERMINO
1234583032|TERMINO
1234586545|TERMINO
1234586768|TERMINO
1234586991|TERMINO
1234587165|TERMINO
1234587388|TERMINO
1234587514|TERMINO
1234587737|VENCIDO
1234587897|TERMINO
1234587960|TERMINO
1234588071|TERMINO
1234588134|TERMINO
1234588294|TERMINO
1234588357|TERMINO
1234588420|TERMINO
1234588580|TERMINO
1234575891|VENCIDO
1234579641|TERMINO
1234579927|TERMINO
1234581443|VENCIDO
1234581506|VENCIDO
1234581666|TERMINO
1234581889|TERMINO
1234581952|VENCIDO
1234582063|TERMINO
1234582126|TERMINO
1234582858|TERMINO
1234588929|TERMINO
1234589040|TERMINO
1234582921|TERMINO
1234586608|TERMINO
1234586831|TERMINO
1234587005|TERMINO
1234587228|TERMINO
1234588643|TERMINO
1234581220|TERMINO
1234589263|TERMINO
1234589772|TERMINO
1234589103|TERMINO
1234589326|TERMINO
1234589486|TERMINO
1234589612|TERMINO
1234589835|TERMINO
1234589995|TERMINO
1234590096|TERMINO
1234589549|TERMINO
1234590222|TERMINO
1234590159|TERMINO
1234587674|VENCIDO
1234592194|TERMINO
1234590382|TERMINO
1234590445|TERMINO
1234591860|TERMINO
1234593386|TERMINO
1234591923|TERMINO
1234592034|TERMINO
1234592257|TERMINO
1234592320|TERMINO
1234592543|TERMINO
1234592606|TERMINO
1234592766|TERMINO
1234592989|TERMINO
1234593003|TERMINO
1234593163|TERMINO
1234593226|TERMINO
1234590731|VENCIDO
1234591065|TERMINO
1234591128|TERMINO
1234591288|VENCIDO
1234591351|TERMINO
1234591414|TERMINO
1234591637|TERMINO
1234591797|TERMINO
1234592480|TERMINO
1234592829|TERMINO
1234590668|TERMINO
1234593672|TERMINO
1234593449|TERMINO
1234593735|TERMINO
1234593958|TERMINO
1234594292|TERMINO
1234594132|TERMINO
1234594069|TERMINO
1234594355|TERMINO
1234594578|TERMINO
1234594418|TERMINO
1234594641|TERMINO
1234605082|TERMINO
1234594704|TERMINO
1234604971|TERMINO
1234605368|TERMINO
1234605431|TERMINO
1234605654|TERMINO
1234605717|TERMINO
1234605940|TERMINO
1234603779|TERMINO
1234603842|TERMINO
1234603905|TERMINO
1234604176|TERMINO
1234604239|TERMINO
1234604462|TERMINO
1234605145|TERMINO
1234605208|TERMINO
1234605591|VENCIDO
1234605877|TERMINO
1234604685|TERMINO
1234604016|TERMINO
1234606051|TERMINO
1234606114|TERMINO
1234606274|TERMINO
1234606337|TERMINO
1234606497|TERMINO
1234606560|TERMINO
1234606846|VENCIDO
1234604525|TERMINO
1234604748|TERMINO
1234604811|TERMINO
1234607529|TERMINO
1234606623|TERMINO
1234606783|TERMINO
1234607689|TERMINO
1234660063|TERMINO
1234607752|VENCIDO
1234608149|TERMINO
1234607815|TERMINO
1234595038|TERMINO
1234608086|TERMINO
1234608212|TERMINO
1234594864|TERMINO
1234594927|TERMINO
1234608372|TERMINO
1234608435|TERMINO
1234595198|TERMINO
1234595261|VENCIDO
1234595324|TERMINO
1234595484|TERMINO
1234596516|TERMINO
1234595547|TERMINO
1234596167|TERMINO
1234607243|TERMINO
1234607466|TERMINO
1234608595|TERMINO
1234659739|TERMINO
1234596739|TERMINO
1234606909|TERMINO
1234659899|TERMINO
1234659962|TERMINO
1234607975|TERMINO
1234596230|VENCIDO
1234596390|TERMINO
1234607020|TERMINO
1234612907|TERMINO
1234675931|TERMINO
1234631308|TERMINO
1234631817|TERMINO
1234608944|VENCIDO
1234612621|TERMINO
1234613018|TERMINO
1234660126|VENCIDO
1234609055|TERMINO
1234632088|TERMINO
1234596676|TERMINO
1234596453|TERMINO
1234630625|TERMINO
1234631182|TERMINO
1234631754|TERMINO
1234635727|TERMINO
1234612844|VENCIDO
1234609850|TERMINO
1234609278|TERMINO
1234636284|TERMINO
1234612558|TERMINO
1234630562|TERMINO
1234630785|TERMINO
1234630848|TERMINO
1234630911|TERMINO
1234631022|TERMINO
1234631531|TERMINO
1234631691|VENCIDO
1234631977|TERMINO
1234632151|TERMINO
1234635504|TERMINO
1234636347|TERMINO
1234635887|TERMINO
1234609118|TERMINO
1234636410|TERMINO
1234636633|TERMINO
1234612781|TERMINO
1234636124|TERMINO
1234632214|TERMINO
1234632374|TERMINO
1234632437|TERMINO
1234635950|TERMINO
1234637699|TERMINO
1234611875|VENCIDO
1234636919|VENCIDO
1234637030|VENCIDO
1234637316|TERMINO
1234660921|VENCIDO
1234631245|TERMINO
1234631468|TERMINO
1234632597|TERMINO
1234636061|TERMINO
1234611938|TERMINO
1234638096|VENCIDO
1234609787|TERMINO
1234636793|TERMINO
1234637190|VENCIDO
1234637253|VENCIDO
1234630499|TERMINO
1234635664|TERMINO
1234638159|TERMINO
1234633057|VENCIDO
1234633120|TERMINO
1234633280|TERMINO
1234633406|TERMINO
1234633566|TERMINO
1234633789|TERMINO
1234634026|TERMINO
1234634186|TERMINO
1234634249|TERMINO
1234634472|TERMINO
1234634535|TERMINO
1234634821|TERMINO
1234634981|TERMINO
1234635092|TERMINO
1234635155|TERMINO
1234635378|TERMINO
1234636570|TERMINO
1234637539|TERMINO
1234637825|TERMINO
1234638891|TERMINO
1234638954|TERMINO
1234638731|TERMINO
1234638222|TERMINO
1234639351|TERMINO
1234630116|TERMINO
1234633629|TERMINO
1234633852|VENCIDO
1234633915|TERMINO
1234634312|TERMINO
1234635441|TERMINO
1234639065|TERMINO
1234637476|TERMINO
1234638445|TERMINO
1234638508|TERMINO
1234638668|TERMINO
1234639414|TERMINO
1234639797|TERMINO
1234640819|TERMINO
1234660349|TERMINO
1234637985|VENCIDO
1234609627|TERMINO
1234636856|VENCIDO
1234639288|TERMINO
1234639574|TERMINO
1234639637|TERMINO
1234639860|TERMINO
1234639923|TERMINO
1234640024|TERMINO
1234640184|TERMINO
1234660635|TERMINO
1234640979|TERMINO
1234641948|TERMINO
1234639128|TERMINO
1234630339|TERMINO
1234634695|TERMINO
1234637762|TERMINO
1234609913|TERMINO
1234610746|TERMINO
1234640756|TERMINO
1234641216|TERMINO
1234641376|TERMINO
1234641439|TERMINO
1234641599|TERMINO
1234641662|TERMINO
1234642345|TERMINO
1234642631|TERMINO
1234640693|TERMINO
1234641885|TERMINO
1234640533|TERMINO
1234641153|TERMINO
1234638382|TERMINO
1234642854|TERMINO
1234610523|VENCIDO
1234642059|VENCIDO
1234642122|TERMINO
1234642282|TERMINO
1234660412|TERMINO
1234659167|TERMINO
1234642917|TERMINO
1234643028|TERMINO
1234644889|VENCIDO
1234643697|TERMINO
1234643760|VENCIDO
1234643823|TERMINO
1234643983|TERMINO
1234644157|TERMINO
1234644506|VENCIDO
1234644666|TERMINO
1234641090|TERMINO
1234642408|TERMINO
1234642568|TERMINO
1234643314|TERMINO
1234643474|TERMINO
1234643537|TERMINO
1234645126|TERMINO
1234644220|TERMINO
1234644729|TERMINO
1234610237|TERMINO
1234610683|TERMINO
1234644952|TERMINO
1234645286|VENCIDO
1234644094|VENCIDO
1234641725|TERMINO
1234640310|TERMINO
1234643188|TERMINO
1234645063|TERMINO
1234634758|TERMINO
1234644380|TERMINO
1234644443|TERMINO
1234645572|VENCIDO
1234645635|VENCIDO
1234645795|VENCIDO
1234645858|VENCIDO
1234646032|TERMINO
1234646192|TERMINO
1234646255|TERMINO
1234642791|TERMINO
1234646318|TERMINO
1234610397|TERMINO
1234645349|TERMINO
1234660572|VENCIDO
1234645412|TERMINO
1234646478|TERMINO
1234646541|TERMINO
1234610460|TERMINO
1234646604|VENCIDO
1234645921|VENCIDO
1234610969|TERMINO
1234643251|TERMINO
1234611366|TERMINO
1234611429|TERMINO
1234610809|TERMINO
1234611589|TERMINO
1234611206|TERMINO
1234611143|TERMINO
1234646764|TERMINO
1234611652|TERMINO
1234611715|TERMINO
1234694492|TERMINO
1234612112|TERMINO
1234609404|TERMINO
1234610014|TERMINO
1234609564|TERMINO
1234612335|TERMINO
1234609341|TERMINO
1234610174|VENCIDO
1234664322|TERMINO
1234664482|TERMINO
1234664545|TERMINO
1234664608|VENCIDO
1234665451|TERMINO
1234665514|TERMINO
1234665960|TERMINO
1234662447|TERMINO
1234662510|TERMINO
1234662670|TERMINO
1234662893|TERMINO
1234663067|TERMINO
1234663130|TERMINO
1234663290|VENCIDO
1234663353|TERMINO
1234663576|TERMINO
1234663639|TERMINO
1234663799|TERMINO
1234663862|TERMINO
1234663925|TERMINO
1234664196|TERMINO
1234664259|TERMINO
1234664991|TERMINO
1234675868|VENCIDO
1234665005|VENCIDO
1234665388|TERMINO
1234665737|TERMINO
1234665897|TERMINO
1234663416|TERMINO
1234667549|TERMINO
1234664036|TERMINO
1234664831|VENCIDO
1234667326|VENCIDO
1234666071|TERMINO
1234667612|TERMINO
1234612272|TERMINO
1234666357|TERMINO
1234666420|VENCIDO
1234666580|TERMINO
1234666643|VENCIDO
1234666706|VENCIDO
1234666866|TERMINO
1234666929|TERMINO
1234667263|VENCIDO
1234665674|TERMINO
1234666134|TERMINO
1234666294|TERMINO
1234667772|VENCIDO
1234662733|TERMINO
1234662956|TERMINO
1234664768|TERMINO
1234667486|VENCIDO
1234660286|TERMINO
1234667995|VENCIDO
1234667835|TERMINO
1234668009|TERMINO
1234676488|TERMINO
1234681866|TERMINO
1234665165|TERMINO
1234665228|TERMINO
1234687142|TERMINO
1234668455|TERMINO
1234686808|TERMINO
1234668392|TERMINO
1234687205|TERMINO
1234687079|TERMINO
1234668232|VENCIDO
1234668518|TERMINO
1234686968|TERMINO
1234687588|VENCIDO
1234668169|VENCIDO
1234687365|TERMINO
1234667040|TERMINO
1234687428|TERMINO
1234687651|TERMINO
1234668741|TERMINO
1234687874|TERMINO
1234687714|TERMINO
1234677680|VENCIDO
1234668678|VENCIDO
1234679841|TERMINO
1234688620|TERMINO
1234694332|VENCIDO
1234667103|TERMINO
1234676551|VENCIDO
1234682549|VENCIDO
1234682612|TERMINO
1234688494|TERMINO
1234688557|TERMINO
1234676774|TERMINO
1234676837|TERMINO
1234676997|TERMINO
1234677457|TERMINO
1234677520|TERMINO
1234678363|TERMINO
1234678712|TERMINO
1234679904|TERMINO
1234682103|TERMINO
1234682263|TERMINO
1234680005|TERMINO
1234682326|TERMINO
1234682486|TERMINO
1234682772|TERMINO
1234668964|TERMINO
1234688334|TERMINO
1234688048|TERMINO
1234688111|TERMINO
1234688271|TERMINO
1234676614|TERMINO
1234677011|VENCIDO
1234677171|TERMINO
1234678426|TERMINO
1234677394|TERMINO
1234680228|TERMINO
1234688780|TERMINO
1234680165|TERMINO
1234680514|TERMINO
1234677743|TERMINO
1234677806|TERMINO
1234677966|TERMINO
1234678077|TERMINO
1234678140|TERMINO
1234678935|TERMINO
1234679492|TERMINO
1234681929|VENCIDO
1234682040|TERMINO
1234688843|TERMINO
1234688906|TERMINO
1234677234|TERMINO
1234679046|TERMINO
1234679109|TERMINO
1234679269|TERMINO
1234679332|TERMINO
1234679618|TERMINO
1234679778|TERMINO
1234680674|TERMINO
1234678586|TERMINO
1234689463|VENCIDO
1234678872|TERMINO
1234680388|TERMINO
1234680451|TERMINO
1234689017|TERMINO
1234689177|TERMINO
1234689240|TERMINO
1234680897|TERMINO
1234689303|TERMINO
1234689812|VENCIDO
1234689686|TERMINO
1234689526|TERMINO
1234681357|TERMINO
1234680960|TERMINO
1234681071|TERMINO
1234681294|TERMINO
1234682835|TERMINO
1234689749|TERMINO
1234690073|TERMINO
1234690136|TERMINO
1234681580|TERMINO
1234690296|TERMINO
1234681134|TERMINO
1234678649|VENCIDO
1234680737|TERMINO
1234687937|TERMINO
1234681420|TERMINO
1234689972|TERMINO
1234681706|VENCIDO
1234681643|TERMINO
1234690422|TERMINO
1234682995|TERMINO
1234694778|TERMINO
1234690645|TERMINO
1234694841|TERMINO
1234694555|TERMINO
1234694618|TERMINO
1234696367|TERMINO
1234696430|VENCIDO
1234690868|TERMINO
1234690708|TERMINO
1234691265|VENCIDO
1234691105|TERMINO
1234690931|TERMINO
1234691042|TERMINO
1234690582|TERMINO
1234696590|VENCIDO
1234694904|TERMINO
1234691328|VENCIDO
1234691488|TERMINO
1234691614|TERMINO
1234683169|TERMINO
1234683009|TERMINO
1234614593|TERMINO
1234652699|TERMINO
1234652762|TERMINO
1234615053|TERMINO
1234691551|TERMINO
1234683392|TERMINO
1234683232|TERMINO
1234683455|VENCIDO
1234683518|TERMINO
1234695175|TERMINO
1234695015|TERMINO
1234690359|VENCIDO
1234613178|TERMINO
1234615625|TERMINO
1234683804|VENCIDO
1234683678|TERMINO
1234683741|TERMINO
1234613527|TERMINO
1234678203|TERMINO
1234646827|TERMINO
1234647161|TERMINO
1234647098|TERMINO
1234691774|TERMINO
1234691837|TERMINO
1234684138|TERMINO
1234684298|TERMINO
1234683964|TERMINO
1234691997|TERMINO
1234684361|TERMINO
1234684075|TERMINO
1234652825|TERMINO
1234617151|TERMINO
1234684424|TERMINO
1234692011|TERMINO
1234615276|TERMINO
1234684584|TERMINO
1234684647|TERMINO
1234615785|TERMINO
1234684870|VENCIDO
1234685044|TERMINO
1234649768|TERMINO
1234685267|VENCIDO
1234684933|TERMINO
1234692234|TERMINO
1234685107|TERMINO
1234692171|TERMINO
1234614656|TERMINO
1234616468|VENCIDO
1234617374|TERMINO
1234648130|TERMINO
1234613973|TERMINO
1234614942|TERMINO
1234648862|TERMINO
1234650887|VENCIDO
1234650950|VENCIDO
1234649036|TERMINO
1234649196|TERMINO
1234616531|TERMINO
1234649322|TERMINO
1234695238|VENCIDO
1234651856|TERMINO
1234617660|VENCIDO
1234616817|TERMINO
1234646987|TERMINO
1234647893|VENCIDO
1234651061|TERMINO
1234651124|VENCIDO
1234617946|TERMINO
1234618057|TERMINO
1234647956|TERMINO
1234651570|TERMINO
1234617597|TERMINO
1234618120|TERMINO
1234614084|TERMINO
1234614147|VENCIDO
1234614370|TERMINO
1234617088|TERMINO
1234648067|TERMINO
1234651284|TERMINO
1234651347|TERMINO
1234651410|TERMINO
1234648353|TERMINO
1234648639|TERMINO
1234614433|TERMINO
1234616245|TERMINO
1234648416|TERMINO
1234648576|TERMINO
1234648799|TERMINO
1234685330|TERMINO
1234685490|TERMINO
1234614719|VENCIDO
1234614879|TERMINO
1234616308|TERMINO
1234648925|TERMINO
1234649482|TERMINO
1234649831|TERMINO
1234649259|TERMINO
1234649608|TERMINO
1234615848|TERMINO
1234615911|TERMINO
1234649991|TERMINO
1234650218|TERMINO
1234613464|TERMINO
1234613687|TERMINO
1234613750|TERMINO
1234613813|TERMINO
1234617437|TERMINO
1234616182|TERMINO
1234615339|TERMINO
1234615499|TERMINO
1234615562|VENCIDO
1234616977|TERMINO
1234650092|TERMINO
1234651919|TERMINO
1234616022|TERMINO
1234650155|TERMINO
1234650378|TERMINO
1234650441|VENCIDO
1234653096|TERMINO
1234647224|VENCIDO
1234647384|TERMINO
1234647447|VENCIDO
1234650504|VENCIDO
1234652985|TERMINO
1234618343|TERMINO
1234618789|TERMINO
1234618852|TERMINO
1234652253|TERMINO
1234619312|TERMINO
1234650664|TERMINO
1234617883|TERMINO
1234619695|TERMINO
1234619026|TERMINO
1234619535|TERMINO
1234618280|TERMINO
1234652190|VENCIDO
1234649545|TERMINO
1234615116|TERMINO
1234647733|TERMINO
1234652539|VENCIDO
1234653159|TERMINO
1234618915|TERMINO
1234619249|TERMINO
1234619472|VENCIDO
1234619186|TERMINO
1234620082|TERMINO
1234617723|TERMINO
1234618406|TERMINO
1234618566|TERMINO
1234618629|VENCIDO
1234619758|TERMINO
1234619981|TERMINO
1234685616|TERMINO
1234616691|TERMINO
1234647510|TERMINO
1234647670|TERMINO
1234653445|TERMINO
1234653508|TERMINO
1234613241|TERMINO
1234613304|TERMINO
1234617214|TERMINO
1234652316|VENCIDO
1234652476|TERMINO
1234685553|VENCIDO
1234653222|TERMINO
1234651793|TERMINO
1234653382|VENCIDO
1234685776|TERMINO
1234685839|VENCIDO
1234695398|TERMINO
1234620145|TERMINO
1234620208|TERMINO
1234653668|TERMINO
1234653731|TERMINO
1234685999|VENCIDO
1234620368|VENCIDO
1234653891|TERMINO
1234653954|TERMINO
1234620717|TERMINO
1234620877|TERMINO
1234620591|TERMINO
1234620654|TERMINO
1234692394|TERMINO
1234686173|VENCIDO
1234686236|TERMINO
1234686396|VENCIDO
1234686013|TERMINO
1234620431|TERMINO
1234616754|TERMINO
1234654351|TERMINO
1234612049|TERMINO
1234661032|TERMINO
1234621497|TERMINO
1234621114|TERMINO
1234621337|TERMINO
1234632660|TERMINO
1234632723|TERMINO
1234632946|TERMINO
1234640247|TERMINO
1234659230|TERMINO
1234654414|VENCIDO
1234608658|TERMINO
1234608881|TERMINO
1234659516|TERMINO
1234659453|TERMINO
1234612495|TERMINO
1234660858|TERMINO
1234608721|TERMINO
1234635218|TERMINO
1234659676|VENCIDO
1234611080|TERMINO
1234660795|TERMINO
1234621623|TERMINO
1234620940|TERMINO
1234661192|TERMINO
1234654128|TERMINO
1234654288|TERMINO
1234659390|TERMINO
1234661478|TERMINO
1234621846|TERMINO
1234728005|TERMINO
1234633343|TERMINO
1234621783|VENCIDO
1234621274|TERMINO
1234661255|TERMINO
1234661318|TERMINO
1234669138|TERMINO
1234669710|TERMINO
1234669298|TERMINO
1234669361|TERMINO
1234669075|TERMINO
1234669424|TERMINO
1234669584|TERMINO
1234669647|TERMINO
1234621909|TERMINO
1234686459|VENCIDO
1234686522|TERMINO
1234654637|VENCIDO
1234654923|TERMINO
1234661604|TERMINO
1234661827|TERMINO
1234686682|VENCIDO
1234661987|TERMINO
1234654797|TERMINO
1234654860|TERMINO
1234661541|TERMINO
1234622020|TERMINO
1234669870|TERMINO
1234661764|TERMINO
1234662098|VENCIDO
1234662161|VENCIDO
1234655034|TERMINO
1234662384|TERMINO
1234622180|TERMINO
1234670034|TERMINO
1234670194|TERMINO
1234622243|TERMINO
1234622306|TERMINO
1234670257|TERMINO
1234727991|TERMINO
1234651633|VENCIDO
1234622529|TERMINO
1234622466|TERMINO
1234669933|TERMINO
1234622752|TERMINO
1234623086|TERMINO
1234662224|TERMINO
1234622815|TERMINO
1234622975|TERMINO
1234622689|VENCIDO
1234694269|TERMINO
1234623658|VENCIDO
1234670320|TERMINO
1234621560|TERMINO
1234623881|TERMINO
1234623149|TERMINO
1234623212|TERMINO
1234623372|TERMINO
1234623435|VENCIDO
1234648290|TERMINO
1234650727|TERMINO
1234623944|VENCIDO
1234623721|TERMINO
1234624404|TERMINO
1234624850|TERMINO
1234624913|TERMINO
1234625024|TERMINO
1234623595|VENCIDO
1234624627|TERMINO
1234624564|TERMINO
1234624787|TERMINO
1234624055|TERMINO
1234624118|TERMINO
1234625184|TERMINO
1234655257|TERMINO
1234655320|TERMINO
1234698751|TERMINO
1234655480|TERMINO
1234698528|TERMINO
1234698688|TERMINO
1234699085|TERMINO
1234699211|TERMINO
1234699371|VENCIDO
1234699434|TERMINO
1234699594|TERMINO
1234652030|TERMINO
1234654065|TERMINO
1234625247|TERMINO
1234655543|TERMINO
1234698814|TERMINO
1234698974|TERMINO
1234699148|TERMINO
1234670606|TERMINO
1234670829|TERMINO
1234699657|TERMINO
1234699880|TERMINO
1234624341|TERMINO
1234625310|VENCIDO
1234625533|TERMINO
1234624278|TERMINO
1234692457|TERMINO
1234625756|TERMINO
1234696653|TERMINO
1234700243|TERMINO
1234700306|VENCIDO
1234626090|TERMINO
1234699720|TERMINO
1234700180|TERMINO
1234625979|VENCIDO
1234625693|VENCIDO
1234625470|TERMINO
1234700689|TERMINO
1234699943|TERMINO
1234626216|TERMINO
1234625819|TERMINO
1234697050|TERMINO
1234697113|VENCIDO
1234697273|VENCIDO
1234701086|TERMINO
1234701149|TERMINO
1234630053|VENCIDO
1234730190|TERMINO
1234655606|VENCIDO
1234655766|TERMINO
1234696876|TERMINO
1234627122|TERMINO
1234701881|TERMINO
1234626725|TERMINO
1234655194|TERMINO
1234701212|VENCIDO
1234701372|TERMINO
1234626885|VENCIDO
1234626153|TERMINO
1234626948|TERMINO
1234627059|VENCIDO
1234701721|VENCIDO
1234700529|TERMINO
1234701435|TERMINO
1234701595|TERMINO
1234701658|TERMINO
1234700752|TERMINO
1234700815|VENCIDO
1234700975|TERMINO
1234730253|VENCIDO
1234626599|TERMINO
1234701944|TERMINO
1234627282|TERMINO
1234626376|TERMINO
1234626439|TERMINO
1234626662|TERMINO
1234702278|VENCIDO
1234627345|VENCIDO
1234668804|TERMINO
1234656163|TERMINO
1234656226|TERMINO
1234656386|TERMINO
1234656449|TERMINO
1234656512|VENCIDO
1234627568|TERMINO
1234627854|VENCIDO
1234697845|TERMINO
1234698179|TERMINO
1234702787|TERMINO
1234697622|TERMINO
1234697908|TERMINO
1234671386|TERMINO
1234627791|TERMINO
1234702118|TERMINO
1234627408|TERMINO
1234702404|TERMINO
1234702627|TERMINO
1234697336|TERMINO
1234698019|TERMINO
1234679555|TERMINO
1234700466|VENCIDO
1234676042|TERMINO
1234656735|VENCIDO
1234656895|VENCIDO
1234656003|TERMINO
1234671512|TERMINO
1234670989|TERMINO
1234627631|VENCIDO
1234702341|TERMINO
1234702564|TERMINO
1234698305|TERMINO
1234671003|TERMINO
1234671163|TERMINO
1234670480|TERMINO
1234670543|TERMINO
1234671449|TERMINO
1234656672|VENCIDO
1234628028|TERMINO
1234628823|VENCIDO
1234628983|VENCIDO
1234629380|VENCIDO
1234657069|TERMINO
1234676265|TERMINO
1234676105|TERMINO
1234730316|TERMINO
1234657292|VENCIDO
1234627917|VENCIDO
1234676328|TERMINO
1234671226|TERMINO
1234671895|VENCIDO
1234684710|TERMINO
1234671958|TERMINO
1234692966|TERMINO
1234673610|TERMINO
1234672418|TERMINO
1234657418|TERMINO
1234686745|VENCIDO
1234692520|VENCIDO
1234692680|VENCIDO
1234674516|TERMINO
1234673770|TERMINO
1234671672|TERMINO
1234672641|TERMINO
1234694109|TERMINO
1234698242|TERMINO
1234672578|TERMINO
1234703756|TERMINO
1234673038|TERMINO
1234674167|TERMINO
1234674230|TERMINO
1234670766|TERMINO
1234671735|TERMINO
1234674007|TERMINO
1234673324|TERMINO
1234674453|TERMINO
1234673547|TERMINO
1234674899|TERMINO
1234693077|TERMINO
1234725224|TERMINO
1234672069|TERMINO
1234674962|VENCIDO
1234692806|TERMINO
1234694046|VENCIDO
1234628760|TERMINO
1234675296|VENCIDO
1234675582|VENCIDO
1234702055|TERMINO
1234702913|TERMINO
1234726416|TERMINO
1234675136|TERMINO
1234726353|TERMINO
1234657704|TERMINO
1234657641|VENCIDO
1234675645|VENCIDO
1234657578|TERMINO
1234675359|VENCIDO
1234704599|TERMINO
1234726290|VENCIDO
1234675708|VENCIDO
1234693140|VENCIDO
1234726067|VENCIDO
1234695461|VENCIDO
1234695684|VENCIDO
1234703184|VENCIDO
1234703533|TERMINO
1234673198|TERMINO
1234704153|TERMINO
1234703247|TERMINO
1234736833|VENCIDO
1234736993|TERMINO
1234737230|TERMINO
1234737676|TERMINO
1234737739|TERMINO
1234737899|TERMINO
1234740098|TERMINO
1234737007|TERMINO
1234737167|TERMINO
1234737453|TERMINO
1234737516|TERMINO
1234736484|TERMINO
1234736770|TERMINO
1234739837|TERMINO
1234739997|TERMINO
1234734895|VENCIDO
1234735864|TERMINO
1234735704|TERMINO
1234734735|TERMINO
1234735069|TERMINO
1234735578|TERMINO
1234736038|TERMINO
1234735292|TERMINO
1234735355|TERMINO
1234735641|TERMINO
1234736261|VENCIDO
1234693203|TERMINO
1234693426|TERMINO
1234675073|TERMINO
1234693586|TERMINO
1234736198|TERMINO
1234736324|TERMINO
1234696207|TERMINO
1234740224|TERMINO
1234734003|VENCIDO
1234734163|TERMINO
1234734226|TERMINO
1234734449|VENCIDO
1234734512|TERMINO
1234739105|VENCIDO
1234655829|TERMINO
1234657132|TERMINO
1234737962|TERMINO
1234738073|VENCIDO
1234738136|TERMINO
1234738296|TERMINO
1234738359|TERMINO
1234738422|TERMINO
1234738582|VENCIDO
1234738645|TERMINO
1234738708|VENCIDO
1234738868|VENCIDO
1234738931|TERMINO
1234739042|TERMINO
1234737390|TERMINO
1234736547|TERMINO
1234736610|TERMINO
1234695810|TERMINO
1234735132|VENCIDO
1234734672|TERMINO
1234734958|TERMINO
1234735927|TERMINO
1234657864|TERMINO
1234693935|TERMINO
1234740161|TERMINO
1234734386|TERMINO
1234739774|VENCIDO
1234726130|TERMINO
1234740670|TERMINO
1234725956|TERMINO
1234673833|TERMINO
1234695970|VENCIDO
1234740733|TERMINO
1234739614|TERMINO
1234740893|TERMINO
1234741067|VENCIDO
1234657927|VENCIDO
1234693872|VENCIDO
1234733989|TERMINO
1234741290|VENCIDO
1234705408|VENCIDO
1234696144|TERMINO
1234740956|TERMINO
1234628537|VENCIDO
1234696081|VENCIDO
1234725161|TERMINO
1234739265|VENCIDO
1234628314|TERMINO
1234674676|TERMINO
1234733829|VENCIDO
1234739328|TERMINO
1234739488|TERMINO
1234740384|TERMINO
1234735418|TERMINO
1234730476|TERMINO
1234704376|TERMINO
1234704725|TERMINO
1234703310|TERMINO
1234705282|TERMINO
1234702850|TERMINO
1234704885|TERMINO
1234740510|TERMINO
1234733480|TERMINO
1234628251|TERMINO
1234733543|TERMINO
1234733606|TERMINO
1234629094|VENCIDO
1234628474|TERMINO
1234741130|TERMINO
1234741353|TERMINO
1234656958|TERMINO
1234740447|TERMINO
1234628697|TERMINO
1234705345|TERMINO
1234704439|TERMINO
1234629157|TERMINO
1234712249|VENCIDO
1234658261|TERMINO
1234697782|TERMINO
1234707094|VENCIDO
1234707380|TERMINO
1234657355|VENCIDO
1234672292|TERMINO
1234706760|VENCIDO
1234707443|VENCIDO
1234658484|TERMINO
1234707157|TERMINO
1234629729|TERMINO
1234658038|TERMINO
1234658547|TERMINO
1234703819|TERMINO
1234705791|TERMINO
1234705854|TERMINO
1234705917|TERMINO
1234658198|TERMINO
1234658610|TERMINO
1234704216|TERMINO
1234706251|TERMINO
1234719735|TERMINO
1234724255|VENCIDO
1234724318|VENCIDO
1234706314|TERMINO
1234706474|TERMINO
1234713092|TERMINO
1234724541|TERMINO
1234712026|TERMINO
1234721823|TERMINO
1234672132|VENCIDO
1234712186|VENCIDO
1234655989|TERMINO
1234672355|TERMINO
1234707952|VENCIDO
1234708063|TERMINO
1234700020|TERMINO
1234711915|TERMINO
1234733320|TERMINO
1234713441|TERMINO
1234715825|TERMINO
1234715985|TERMINO
1234695747|TERMINO
1234713155|TERMINO
1234706188|VENCIDO
1234707729|TERMINO
1234704948|VENCIDO
1234719672|TERMINO
1234629666|TERMINO
1234703024|TERMINO
1234706697|VENCIDO
1234697559|TERMINO
1234707506|TERMINO
1234629443|TERMINO
1234697496|TERMINO
1234658833|TERMINO
1234698465|TERMINO
1234703470|TERMINO
1234629889|TERMINO
1234706983|TERMINO
1234712472|VENCIDO
1234712535|TERMINO
1234724478|VENCIDO
1234712981|TERMINO
1234713504|TERMINO
1234711280|TERMINO
1234705568|TERMINO
1234706028|TERMINO
1234713727|VENCIDO
1234714124|TERMINO
1234714284|TERMINO
1234658324|TERMINO
1234713887|TERMINO
1234709604|TERMINO
1234710660|TERMINO
1234712821|VENCIDO
1234713664|VENCIDO
1234714061|TERMINO
1234716096|VENCIDO
1234715030|TERMINO
1234715190|TERMINO
1234716891|TERMINO
1234724604|TERMINO
1234724827|TERMINO
1234710597|TERMINO
1234716668|TERMINO
1234711852|TERMINO
1234714919|VENCIDO
1234715539|TERMINO
1234716508|TERMINO
1234724764|TERMINO
1234708349|TERMINO
1234708412|TERMINO
1234711789|TERMINO
1234714570|TERMINO
1234714633|TERMINO
1234714793|TERMINO
1234715476|TERMINO
1234714856|TERMINO
1234706823|TERMINO
1234658770|VENCIDO
1234707889|TERMINO
1234709987|TERMINO
1234710151|VENCIDO
1234709827|TERMINO
1234710214|TERMINO
1234712758|TERMINO
1234712695|TERMINO
1234714410|TERMINO
1234717288|TERMINO
1234707220|TERMINO
1234707666|VENCIDO
1234713950|TERMINO
1234708286|TERMINO
1234712312|TERMINO
1234709764|TERMINO
1234710088|TERMINO
1234716445|TERMINO
1234709255|TERMINO
1234710946|TERMINO
1234716222|TERMINO
1234708572|TERMINO
1234708795|TERMINO
1234708858|TERMINO
1234709318|TERMINO
1234710723|TERMINO
1234716382|TERMINO
1234715762|VENCIDO
1234711629|TERMINO
1234717128|TERMINO
1234719449|TERMINO
1234719512|TERMINO
1234717923|TERMINO
1234718480|TERMINO
1234716159|TERMINO
1234718034|TERMINO
1234693649|TERMINO
1234718320|VENCIDO
1234717414|TERMINO
1234710883|VENCIDO
1234711406|TERMINO
1234711566|TERMINO
1234714347|TERMINO
1234711343|VENCIDO
1234708921|TERMINO
1234710374|TERMINO
1234717065|TERMINO
1234711120|VENCIDO
1234720345|VENCIDO
1234720408|TERMINO
1234718257|TERMINO
1234720568|TERMINO
1234720631|TERMINO
1234720854|TERMINO
1234710437|TERMINO
1234716954|TERMINO
1234717637|TERMINO
1234711057|TERMINO
1234715253|VENCIDO
1234720282|TERMINO
1234629220|TERMINO
1234708635|VENCIDO
1234709032|TERMINO
1234715699|TERMINO
1234709192|TERMINO
1234717351|TERMINO
1234718543|VENCIDO
1234718766|TERMINO
1234718829|TERMINO
1234718989|TERMINO
1234719226|TERMINO
1234719386|TERMINO
1234719958|TERMINO
1234720059|TERMINO
1234719163|TERMINO
1234721697|TERMINO
1234721760|TERMINO
1234722666|TERMINO
1234713378|TERMINO
1234696716|TERMINO
1234718606|VENCIDO
1234717797|VENCIDO
1234717860|TERMINO
1234721188|VENCIDO
1234721251|VENCIDO
1234721314|VENCIDO
1234629952|TERMINO
1234719895|TERMINO
1234722443|TERMINO
1234693712|VENCIDO
1234722729|TERMINO
1234717574|TERMINO
1234720122|TERMINO
1234721028|TERMINO
1234720791|TERMINO
1234730539|TERMINO
1234721474|TERMINO
1234721537|TERMINO
1234722889|TERMINO
1234723349|TERMINO
1234719003|TERMINO
1234723063|TERMINO
1234722952|TERMINO
1234723572|VENCIDO
1234723635|VENCIDO
1234723412|TERMINO
1234708126|TERMINO
1234704662|VENCIDO
1234723126|TERMINO
1234723286|VENCIDO
1234723921|TERMINO
1234723795|TERMINO
1234730699|TERMINO
1234730762|TERMINO
1234723858|TERMINO
1234718194|TERMINO
1234747584|VENCIDO
1234743514|TERMINO
1234721983|TERMINO
1234745326|TERMINO
1234716731|TERMINO
1234745486|TERMINO
1234745612|TERMINO
1234732414|TERMINO
1234732797|TERMINO
1234743674|TERMINO
1234732351|TERMINO
1234732574|VENCIDO
1234742545|VENCIDO
1234732128|VENCIDO
1234732637|VENCIDO
1234743165|TERMINO
1234722220|TERMINO
1234741576|TERMINO
1234743228|VENCIDO
1234745772|TERMINO
1234746169|TERMINO
1234746741|TERMINO
1234746804|TERMINO
1234747298|TERMINO
1234743388|TERMINO
1234746232|TERMINO
1234746678|TERMINO
1234747361|TERMINO
1234747424|TERMINO
1234746392|TERMINO
1234746455|TERMINO
1234747647|TERMINO
1234747710|TERMINO
1234741925|VENCIDO
1234741799|TERMINO
1234742482|TERMINO
1234732923|VENCIDO
1234741639|VENCIDO
1234742608|VENCIDO
1234742831|VENCIDO
1234732860|TERMINO
1234743737|VENCIDO
1234743897|TERMINO
1234731954|TERMINO
1234733034|VENCIDO
1234733194|VENCIDO
1234733257|VENCIDO
1234720917|TERMINO
1234743005|VENCIDO
1234744580|TERMINO
1234743960|TERMINO
1234744071|TERMINO
1234744643|TERMINO
1234742259|VENCIDO
1234742322|TERMINO
1234744420|TERMINO
1234724987|TERMINO
1234730825|TERMINO
1234730985|VENCIDO
1234745263|VENCIDO
1234732065|TERMINO
1234752899|TERMINO
1234744866|TERMINO
1234732288|TERMINO
1234748267|TERMINO
1234746009|TERMINO
1234746964|TERMINO
1234747075|TERMINO
1234743451|VENCIDO
1234744294|TERMINO
1234747870|VENCIDO
1234722157|TERMINO
1234748330|TERMINO
1234748490|TERMINO
1234744706|VENCIDO
1234745835|TERMINO
1234745995|TERMINO
1234748107|TERMINO
1234746518|TERMINO
1234747138|VENCIDO
1234744929|TERMINO
1234745040|VENCIDO
1234745103|TERMINO
1234722094|TERMINO
1234749013|TERMINO
1234745549|TERMINO
1234749173|VENCIDO
1234748553|TERMINO
1234748616|TERMINO
1234749396|TERMINO
1234747933|VENCIDO
1234749236|TERMINO
1234748999|TERMINO
1234741416|TERMINO
1234741862|TERMINO
1234749522|VENCIDO
1234749682|TERMINO
1234749745|VENCIDO
1234750418|VENCIDO
1234768718|TERMINO
1234748776|TERMINO
1234749808|TERMINO
1234751038|TERMINO
1234749459|TERMINO
1234750292|TERMINO
1234749968|TERMINO
1234748839|VENCIDO
1234750069|TERMINO
1234750641|TERMINO
1234753136|VENCIDO
1234750132|TERMINO
1234750927|VENCIDO
1234751833|TERMINO
1234752007|VENCIDO
1234752167|TERMINO
1234753359|TERMINO
1234750578|TERMINO
1234752962|TERMINO
1234753073|TERMINO
1234750864|TERMINO
1234753708|TERMINO
1234753868|VENCIDO
1234753931|TERMINO
1234753422|TERMINO
1234753582|VENCIDO
1234754488|TERMINO
1234754837|TERMINO
1234753645|TERMINO
1234755394|VENCIDO
1234753296|VENCIDO
1234754042|TERMINO
1234754105|TERMINO
1234754265|VENCIDO
1234754328|VENCIDO
1234754997|TERMINO
1234755234|TERMINO
1234755457|TERMINO
1234754551|TERMINO
1234754774|TERMINO
1234755680|TERMINO
1234755806|TERMINO
1234756140|VENCIDO
1234755520|TERMINO
1234755743|TERMINO
1234755011|TERMINO
1234751993|VENCIDO
1234756203|TERMINO
1234755171|TERMINO
1234751770|TERMINO
1234756586|VENCIDO
1234757332|TERMINO
1234757109|TERMINO
1234756935|VENCIDO
1234757046|TERMINO
1234756872|VENCIDO
1234756077|TERMINO
1234756649|VENCIDO
1234756712|TERMINO
1234757269|VENCIDO
1234757555|TERMINO
1234757778|TERMINO
1234757841|TERMINO
1234752230|TERMINO
1234757904|TERMINO
1234757618|TERMINO
1234752516|TERMINO
1234758238|TERMINO
1234758398|TERMINO
1234758175|TERMINO
1234758524|TERMINO
1234758684|VENCIDO
1234758810|TERMINO
1234758970|TERMINO
1234759144|TERMINO
1234758461|TERMINO
1234759367|TERMINO
1234759207|TERMINO
1234759081|TERMINO
1234759716|TERMINO
1234759590|TERMINO
1234759430|TERMINO
1234759653|VENCIDO
1234760040|TERMINO
1234756363|TERMINO
1234760103|VENCIDO
1234751324|VENCIDO
1234760486|TERMINO
1234752390|VENCIDO
1234760326|TERMINO
1234751547|VENCIDO
1234752453|TERMINO
1234759876|TERMINO
1234752739|TERMINO
1234760549|TERMINO
1234759939|TERMINO
1234760263|VENCIDO
1234758747|VENCIDO
1234760772|TERMINO
1234761009|TERMINO
1234760835|TERMINO
1234760612|TERMINO
1234751610|TERMINO
1234761169|TERMINO
1234760995|VENCIDO
1234751198|TERMINO
1234751261|VENCIDO
1234761741|TERMINO
1234763107|TERMINO
1234762424|TERMINO
1234761964|TERMINO
1234762584|TERMINO
1234762647|TERMINO
1234761518|TERMINO
1234761678|VENCIDO
1234762870|TERMINO
1234762298|TERMINO
1234762361|TERMINO
1234763044|TERMINO
1234768146|TERMINO
1234763330|VENCIDO
1234763553|TERMINO
1234763267|TERMINO
1234761455|VENCIDO
1234762138|VENCIDO
1234761392|VENCIDO
1234767749|TERMINO
1234768369|TERMINO
1234768209|TERMINO
1234766334|TERMINO
1234765874|TERMINO
1234765714|TERMINO
1234752676|TERMINO
1234766557|TERMINO
1234766780|TERMINO
1234764013|TERMINO
1234767240|TERMINO
1234767686|TERMINO
1234765205|TERMINO
1234765079|TERMINO
1234769115|TERMINO
1234763839|TERMINO
1234763776|TERMINO
1234764968|VENCIDO
1234769052|TERMINO
1234767526|TERMINO
1234766906|TERMINO
1234768655|TERMINO
1234766843|TERMINO
1234767017|TERMINO
1234764745|TERMINO
1234768592|TERMINO
1234769275|TERMINO
1234766494|TERMINO
1234766111|TERMINO
1234766271|TERMINO
1234764173|VENCIDO
1234766048|TERMINO
1234769498|TERMINO
1234705631|TERMINO
1234769561|TERMINO
1234769624|TERMINO
1234758015|TERMINO
1234770457|TERMINO
1234770743|TERMINO
1234770680|TERMINO
1234770394|TERMINO
1234763616|TERMINO
1234770171|TERMINO
1234770011|TERMINO
1234771935|VENCIDO
1234763490|VENCIDO
1234764522|TERMINO
1234767463|TERMINO
1234767177|TERMINO
1234764396|TERMINO
1234769910|TERMINO
1234763999|TERMINO
1234764459|TERMINO
1234765428|TERMINO
1234764236|TERMINO
1234771872|TERMINO
1234769847|TERMINO
1234765651|TERMINO
1234771426|TERMINO
1234768941|VENCIDO
1234771586|TERMINO
1234768878|VENCIDO
1234764808|TERMINO
1234757492|VENCIDO
1234764682|VENCIDO
1234775559|TERMINO
1234765365|TERMINO
1234769784|TERMINO
1234775336|TERMINO
1234774081|TERMINO
1234773810|TERMINO
1234772904|TERMINO
1234773747|VENCIDO
1234774144|TERMINO
1234775496|TERMINO
1234773398|TERMINO
1234773015|TERMINO
1234776242|VENCIDO
1234762075|VENCIDO
1234776305|VENCIDO
1234776465|VENCIDO
1234776019|VENCIDO
1234773970|TERMINO
1234774207|TERMINO
1234774367|TERMINO
1234772046|TERMINO
1234773238|TERMINO
1234773524|VENCIDO
1234772841|TERMINO
1234775050|TERMINO
1234774876|TERMINO
1234765588|TERMINO
1234774939|TERMINO
1234771077|VENCIDO
1234775908|TERMINO
1234775622|TERMINO
1234774653|VENCIDO
1234770806|TERMINO
1234774430|TERMINO
1234772555|VENCIDO
1234775273|TERMINO
1234774716|VENCIDO
1234773461|TERMINO
1234773684|TERMINO
1234773175|TERMINO
1234775782|TERMINO
1234772492|TERMINO
1234772778|TERMINO
1234772269|VENCIDO
1234772332|TERMINO
1234772618|TERMINO
1234776179|TERMINO
1234770520|TERMINO
1234776751|TERMINO
1234772109|TERMINO
1234776688|TERMINO
1234776814|VENCIDO
1234776528|TERMINO
1234765937|TERMINO
1234767303|TERMINO
1234777211|TERMINO
1234777594|TERMINO
1234771140|TERMINO
1234771363|VENCIDO
1234766620|TERMINO
1234777880|TERMINO
1234777148|VENCIDO
1234777085|TERMINO
1234777371|TERMINO
1234777720|TERMINO
1234770966|TERMINO
1234777434|TERMINO
1234778054|TERMINO
1234777657|TERMINO
1234778117|VENCIDO
1234778786|TERMINO
1234778340|VENCIDO
1234778912|VENCIDO
1234778277|TERMINO
1234778403|VENCIDO
1234778626|TERMINO
1234777943|VENCIDO
1234769338|TERMINO
1234778563|TERMINO
1234775845|TERMINO
1234771649|TERMINO
1234771203|VENCIDO
1234779183|TERMINO
1234778849|TERMINO
1234779309|TERMINO
1234779246|VENCIDO
1234765142|TERMINO
1234781620|VENCIDO
1234781557|VENCIDO
1234780205|TERMINO
1234780142|TERMINO
1234780079|TERMINO
1234779818|TERMINO
1234779978|TERMINO
1234767812|TERMINO
1234779755|VENCIDO
1234779532|TERMINO
1234779692|TERMINO
1234783432|TERMINO
1234781334|TERMINO
1234782749|TERMINO
1234779023|TERMINO
1234782686|TERMINO
1234780651|TERMINO
1234781111|TERMINO
1234782812|TERMINO
1234783146|VENCIDO
1234783592|VENCIDO
1234783209|TERMINO
1234782972|VENCIDO
1234780937|TERMINO
1234783878|TERMINO
1234783083|TERMINO
1234783941|VENCIDO
1234783369|VENCIDO
1234780365|VENCIDO
1234779469|TERMINO
1234781843|TERMINO
1234784052|VENCIDO
1234783655|TERMINO
1234783718|TERMINO
1234781048|TERMINO
1234781494|TERMINO
1234781780|TERMINO
1234781271|VENCIDO
1234784275|VENCIDO
1234784115|VENCIDO
1234786436|VENCIDO
1234762710|TERMINO
1234780714|TERMINO
1234785467|TERMINO
1234785244|TERMINO
1234784847|TERMINO
1234784498|TERMINO
1234782177|TERMINO
1234785307|TERMINO
1234785181|TERMINO
1234781906|TERMINO
1234784910|TERMINO
1234782526|TERMINO
1234785816|TERMINO
1234785976|TERMINO
1234786087|TERMINO
1234786150|VENCIDO
1234786213|VENCIDO
1234784561|TERMINO
1234788534|TERMINO
1234788757|VENCIDO
1234786373|VENCIDO
1234786882|TERMINO
1234782017|TERMINO
1234787056|TERMINO
1234785690|TERMINO
1234786945|VENCIDO
1234782303|TERMINO
1234787405|TERMINO
1234785530|TERMINO
1234782240|TERMINO
1234788311|TERMINO
1234788471|TERMINO
1234788025|TERMINO
1234787851|TERMINO
1234787628|TERMINO
1234787788|TERMINO
1234789091|TERMINO
1234789154|TERMINO
1234788185|TERMINO
1234788248|VENCIDO
1234789217|TERMINO
1234786596|TERMINO
1234789949|TERMINO
1234789440|TERMINO
1234774590|TERMINO
1234787342|TERMINO
1234786722|TERMINO
1234787279|TERMINO
1234786659|TERMINO
1234789503|TERMINO
1234790496|TERMINO
1234787565|TERMINO
1234789377|TERMINO
1234789726|VENCIDO
1234790336|TERMINO
1234782463|TERMINO
1234788980|TERMINO
1234790113|VENCIDO
1234790273|VENCIDO
1234790559|TERMINO
1234790622|VENCIDO
1234798045|VENCIDO
1234788820|TERMINO
1234790782|VENCIDO
1234790908|TERMINO
1234784624|TERMINO
1234787119|VENCIDO
1234791814|TERMINO
1234791751|TERMINO
1234784784|TERMINO
1234791242|TERMINO
1234792085|VENCIDO
1234791974|TERMINO
1234791019|VENCIDO
1234791179|TERMINO
1234791305|TERMINO
1234792148|TERMINO
1234792211|TERMINO
1234792594|VENCIDO
1234792434|TERMINO
1234792657|TERMINO
1234792371|VENCIDO
1234791528|TERMINO
1234792880|TERMINO
1234792720|TERMINO
1234794692|TERMINO
1234794469|TERMINO
1234785753|TERMINO
1234791465|TERMINO
1234793117|TERMINO
1234793277|VENCIDO
1234794532|TERMINO
1234794978|VENCIDO
1234794183|TERMINO
1234794023|TERMINO
1234795089|TERMINO
1234794818|TERMINO
1234794755|TERMINO
1234795152|TERMINO
1234795947|TERMINO
1234796281|TERMINO
1234795598|VENCIDO
1234793849|TERMINO
1234791688|TERMINO
1234795724|TERMINO
1234796058|TERMINO
1234794246|TERMINO
1234795375|TERMINO
1234797187|TERMINO
1234795661|VENCIDO
1234796853|VENCIDO
1234795438|TERMINO
1234793786|TERMINO
1234795215|TERMINO
1234792943|TERMINO
1234796790|TERMINO
1234795884|VENCIDO
1234796121|TERMINO
1234796407|TERMINO
1234797536|TERMINO
1234797696|TERMINO
1234797313|TERMINO
1234797473|TERMINO
1234797759|TERMINO
1234798093|TERMINO
1234798219|TERMINO
1234798379|TERMINO
1234798156|TERMINO
1234796567|VENCIDO
1234796630|TERMINO
1234798442|TERMINO
1234798505|TERMINO
1234798665|VENCIDO
1234798888|TERMINO
1234798728|TERMINO
1234799125|TERMINO
1234799285|VENCIDO
1234799348|TERMINO
1234799411|VENCIDO
1234799634|VENCIDO
1234799857|VENCIDO
1234799794|TERMINO
1234799571|TERMINO
1234799920|TERMINO
1234800157|TERMINO
1234800220|TERMINO
1234800380|TERMINO
1234800443|TERMINO
1234800506|TERMINO
1234793403|VENCIDO
1234800666|TERMINO
1234800729|TERMINO
1234800952|TERMINO
1234801063|TERMINO
1234801126|TERMINO
1234801286|TERMINO
1234801349|VENCIDO
1234801412|TERMINO
1234800889|TERMINO
1234801572|TERMINO
1234801635|TERMINO
1234767972|TERMINO
1234801795|TERMINO
1234802255|TERMINO
1234802318|TERMINO
1234802827|VENCIDO
1234802478|TERMINO
1234802604|TERMINO
1234802764|TERMINO
1234802987|TERMINO
1234802541|VENCIDO
1234801921|TERMINO
1234802032|TERMINO
1234801858|VENCIDO
1234803098|TERMINO
1234803161|TERMINO
1234803224|VENCIDO
1234803384|TERMINO
1234803447|TERMINO
1234803510|TERMINO
1234803670|TERMINO
1234804067|TERMINO
1234803733|TERMINO
1234803893|TERMINO
1234803956|TERMINO
1234804130|VENCIDO
1234804290|TERMINO
1234804576|TERMINO
1234804416|TERMINO
1234804353|TERMINO
1234804639|TERMINO
1234804799|TERMINO
1234804862|TERMINO
1234805196|TERMINO
1234805259|TERMINO
1234804925|TERMINO
1234805036|TERMINO
1234805322|TERMINO
1234802192|TERMINO
1234805545|TERMINO
1234805608|TERMINO
1234805768|TERMINO
1234805831|TERMINO
1234805991|TERMINO
1234805482|TERMINO
1234806005|TERMINO
1234806165|VENCIDO
1234806228|TERMINO
1234806388|VENCIDO
1234806451|VENCIDO
1234806514|VENCIDO
1234806674|TERMINO
1234806737|TERMINO
1234806897|TERMINO
1234806960|VENCIDO
1234807071|VENCIDO
1234807294|TERMINO
1234807134|TERMINO
1234807420|VENCIDO
1234807580|TERMINO
1234807643|TERMINO
1234807706|TERMINO
1234808040|TERMINO
1234808326|VENCIDO
1234808103|TERMINO
1234808263|TERMINO
1234807929|VENCIDO
1234808486|VENCIDO
1234808549|TERMINO
1234808612|VENCIDO
1234808772|TERMINO
1234808835|TERMINO
1234809009|TERMINO
1234809169|VENCIDO
1234809232|TERMINO
1234809392|TERMINO
1234809455|VENCIDO
1234809518|VENCIDO
1234809678|TERMINO
1234809741|TERMINO
1234809804|TERMINO
1234810128|TERMINO
1234810637|TERMINO
1234810414|TERMINO
1234811034|TERMINO
1234810797|TERMINO
1234810574|TERMINO
1234811257|TERMINO
1234811480|TERMINO
1234810923|VENCIDO
1234810351|TERMINO
1234811194|TERMINO
1234808995|VENCIDO
1234810860|TERMINO
1234811320|TERMINO
1234811543|TERMINO
1234811606|TERMINO
1234811766|TERMINO
1234811829|TERMINO
1234811989|TERMINO
1234812003|TERMINO
1234812163|TERMINO
1234812226|VENCIDO
1234812735|VENCIDO
1234812895|TERMINO
1234812449|TERMINO
1234812672|TERMINO
1234812512|TERMINO
1234812958|VENCIDO
1234813069|TERMINO
1234813132|VENCIDO
1234813292|TERMINO
1234813355|VENCIDO
1234813418|VENCIDO
1234813578|TERMINO
1234813641|TERMINO
1234813704|TERMINO
1234813864|TERMINO
1234813927|TERMINO
1234814038|TERMINO
1234807357|TERMINO
1234814198|TERMINO
1234814261|TERMINO
1234814324|TERMINO
1234814484|VENCIDO
1234814547|TERMINO
1234814610|TERMINO
1234814770|VENCIDO
1234814833|VENCIDO
1234814993|VENCIDO
1234815007|VENCIDO
1234816073|TERMINO
1234815167|TERMINO
1234815230|TERMINO
1234815390|VENCIDO
1234815676|VENCIDO
1234815516|TERMINO
1234816136|TERMINO
1234816296|TERMINO
1234816359|TERMINO
1234816582|VENCIDO
1234816645|TERMINO
1234816708|TERMINO
1234815739|TERMINO
1234816868|TERMINO
1234816931|TERMINO
1234817042|TERMINO
1234817265|TERMINO
1234817328|VENCIDO
1234817551|VENCIDO
1234817105|TERMINO
1234817614|TERMINO
1234815453|TERMINO
1234817774|TERMINO
1234817837|TERMINO
1234817997|TERMINO
1234818011|TERMINO
1234818171|VENCIDO
1234818234|VENCIDO
1234818394|TERMINO
1234818457|TERMINO
1234818520|TERMINO
2345650161|VENCIDO
2345650384|VENCIDO
2345650510|TERMINO
1234819649|TERMINO
1234819712|TERMINO
1234819586|TERMINO
1234819872|VENCIDO
1234820196|VENCIDO
1234819140|TERMINO
1234819077|TERMINO
1234819935|VENCIDO
1234820036|VENCIDO
1234819203|TERMINO
1234819363|TERMINO
1234818680|VENCIDO
1234818966|TERMINO
1234818806|VENCIDO
1234820259|TERMINO
1234820322|TERMINO
1234820608|TERMINO
1234820482|TERMINO
1234820768|TERMINO
1234820831|TERMINO
1234820545|VENCIDO
1234821165|TERMINO
1234821228|TERMINO
1234821388|TERMINO
1234821451|TERMINO
1234821514|TERMINO
1234821674|TERMINO
1234820991|TERMINO
1234821897|TERMINO
1234821960|TERMINO
1234822071|TERMINO
1234822134|TERMINO
1234822294|TERMINO
1234821737|TERMINO
1234822357|TERMINO
1234822420|TERMINO
1234822580|TERMINO
1234822643|TERMINO
1234822706|TERMINO
1234822866|TERMINO
1234823040|VENCIDO
1234822929|TERMINO
1234823103|TERMINO
1234823326|TERMINO
1234823486|TERMINO
1234823549|TERMINO
1234823612|VENCIDO
1234823263|TERMINO
2345650733|TERMINO
2345651353|MOROSO
2345651576|MOROSO
2345651925|TERMINO
2345651799|TERMINO
2345650956|MOROSO
2345651130|TERMINO
2345652991|TERMINO
2345652322|TERMINO
2345652545|VENCIDO
2345652196|TERMINO
2345652768|VENCIDO
2345653165|VENCIDO
2345654134|VENCIDO
2345653960|TERMINO
2345653514|MOROSO
2345653388|VENCIDO
2345653737|VENCIDO
2345654706|TERMINO
2345654580|TERMINO
2345654929|VENCIDO
2345655103|VENCIDO
2345654357|BUENO
2345655549|VENCIDO
2345655326|TERMINO
2345655772|TERMINO
2345655995|TERMINO
2345656392|TERMINO
2345656169|TERMINO
2345656518|TERMINO
1234823772|VENCIDO
1234823835|TERMINO
1234823995|TERMINO
1234824009|TERMINO
1234824169|VENCIDO
1234824232|TERMINO
1234824392|VENCIDO
1234824455|TERMINO
1234824518|TERMINO
1234824678|TERMINO
1234824741|TERMINO
1234824804|TERMINO
1234824964|VENCIDO
1234825138|TERMINO
1234825298|TERMINO
1234825361|VENCIDO
1234825424|TERMINO
1234825584|TERMINO
1234825647|TERMINO
1234825710|TERMINO
1234825870|TERMINO
1234825933|VENCIDO
1234826044|TERMINO
1234826107|VENCIDO
1234826267|VENCIDO
1234826776|TERMINO
1234826553|TERMINO
1234826616|VENCIDO
2345656741|TERMINO
2345656964|TERMINO
2345657138|VENCIDO
2345657361|TERMINO
2345657933|MOROSO
2345658107|BUENO
2345658553|TERMINO
2345658330|TERMINO
2345657710|BUENO
2345657584|TERMINO
2345658776|VENCIDO
1234826330|TERMINO
1234827013|VENCIDO
1234826999|TERMINO
1234827745|VENCIDO
1234827236|TERMINO
1234826839|MOROSO
1234827173|VENCIDO
1234827459|TERMINO
1234827808|TERMINO
1234827522|TERMINO
1234827968|TERMINO
1234828079|TERMINO
1234826490|TERMINO
1234828142|VENCIDO
1234828428|TERMINO
1234828588|TERMINO
1234828651|VENCIDO
1234828714|TERMINO
1234827396|TERMINO
1234828874|TERMINO
1234828937|TERMINO
1234829111|VENCIDO
1234829048|TERMINO
1234829271|TERMINO
1234829334|TERMINO
1234829620|VENCIDO
1234829780|TERMINO
1234829906|TERMINO
1234829843|TERMINO
2345658999|TERMINO
2345659173|VENCIDO
1234830007|TERMINO
1234830167|MOROSO
1234830230|MOROSO
1234830899|MOROSO
1234830962|MOROSO
1234830739|VENCIDO
1234831582|BUENO
1234830516|TERMINO
1234830676|TERMINO
1234830390|BUENO
1234830453|BUENO
1234831136|BUENO
1234831296|MOROSO
1234831359|BUENO
1234831422|TERMINO
1234831708|MOROSO
1234831645|MOROSO
1234831868|BUENO
1234829494|MOROSO
1234831931|MOROSO
1234832105|MOROSO
1234832265|BUENO
1234832328|TERMINO
1234832488|VENCIDO
1234832042|TERMINO
1234832551|TERMINO
1234832614|TERMINO
1234832774|BUENO
1234832837|MOROSO
1234832997|BUENO
2345659522|VENCIDO
2345659396|VENCIDO
2345659968|VENCIDO
2345660578|VENCIDO
2345660355|MOROSO
2345660132|TERMINO
2345661547|BUENO
2345660704|MOROSO
2345660927|VENCIDO
2345661198|TERMINO
2345661324|MOROSO
1234833011|TERMINO
1234833171|TERMINO
1234833234|BUENO
1234833394|TERMINO
1234833457|TERMINO
1234833520|BUENO
1234833743|BUENO
1234833806|BUENO
1234833680|MOROSO
1234833966|BUENO
1234834140|BUENO
1234834077|VENCIDO
1234834649|VENCIDO
1234834363|BUENO
1234834426|TERMINO
1234834586|TERMINO
1234834203|BUENO
1234834712|BUENO
1234834872|TERMINO
1234834935|TERMINO
1234835046|TERMINO
1234835109|BUENO
1234835269|BUENO
1234835332|BUENO
2345661770|VENCIDO
2345661993|BUENO
2345662167|VENCIDO
1234835492|TERMINO
1234835555|TERMINO
2345662390|VENCIDO
2345662739|TERMINO
2345662962|MOROSO
2345662516|MOROSO
1234835618|VENCIDO
1234835778|TERMINO
1234835841|BUENO
1234835904|TERMINO
2345663136|MOROSO
2345663359|BUENO
1234836015|TERMINO
1234836175|BUENO
1234836461|MOROSO
1234836238|MOROSO
1234836398|BUENO
1234836747|BUENO
1234836524|BUENO
1234836684|MOROSO
1234836810|BUENO
1234837081|BUENO
1234837081|MOROSO
1234837144|MOROSO
1234837207|BUENO
1234837367|BUENO
1234837430|BUENO
2345663582|BUENO
2345663931|MOROSO
2345663708|MOROSO
1234837590|MOROSO
1234837653|BUENO
1234837716|MOROSO
1234837876|MOROSO
1234837939|MOROSO
1234838050|BUENO
1234838113|MOROSO
1234838273|MOROSO
1234838336|BUENO
1234838496|MOROSO
1234838559|MOROSO
1234838622|TERMINO
1234838845|TERMINO
1234838908|MOROSO
1234839019|MOROSO
2345664774|MOROSO
2345664105|MOROSO
2345664328|MOROSO
2345664551|MOROSO
1234839179|BUENO
1234839242|BUENO
1234839305|MOROSO
2345665171|MOROSO
2345664997|MOROSO
1234839688|MOROSO
1234839528|BUENO
1234839465|BUENO
1234839751|VENCIDO
1234839814|MOROSO
1234839974|BUENO
1234840075|MOROSO
1234840138|VENCIDO
1234840298|VENCIDO
1234840424|BUENO
1234840584|BUENO
1234840647|BUENO
1234840361|MOROSO
1234840933|VENCIDO
1234841044|TERMINO
1234841107|VENCIDO
1234841267|TERMINO
1234840710|BUENO
1234840870|MOROSO
2345665520|MOROSO
2345665394|VENCIDO
2345665743|MOROSO
2345665966|VENCIDO
2345666363|BUENO
2345666935|BUENO
2345666140|VENCIDO
2345666586|BUENO
2345666712|BUENO
2345667109|BUENO
2345667332|BUENO
1234841999|BUENO
1234842013|MOROSO
1234842173|BUENO
1234842396|BUENO
1234842459|MOROSO
1234842522|BUENO
1234841490|MOROSO
1234841553|BUENO
1234841616|MOROSO
1234841776|MOROSO
1234842808|BUENO
1234842968|BUENO
1234842682|BUENO
1234842745|MOROSO
1234843365|BUENO
1234843205|MOROSO
1234843428|BUENO
1234843142|BUENO
1234841839|MOROSO
1234843937|BUENO
1234843874|MOROSO
1234844048|BUENO
1234843588|MOROSO
1234842236|BUENO
1234843651|BUENO
1234844111|MOROSO
1234843079|BUENO
1234843714|BUENO
2345667555|MOROSO
2345668398|VENCIDO
2345667778|BUENO
2345668175|BUENO
2345667904|MOROSO
2345668524|MOROSO
2345668747|MOROSO
1234844271|BUENO
1234844334|MOROSO
1234844494|MOROSO
1234844557|MOROSO
1234844620|MOROSO
1234844843|MOROSO
1234844906|MOROSO
1234845177|MOROSO
1234845240|BUENO
1234845303|BUENO
1234845017|BUENO
1234844780|MOROSO
1234845686|MOROSO
1234845463|BUENO
1234845749|BUENO
1234845812|BUENO
1234845972|MOROSO
1234846146|BUENO
1234846083|BUENO
1234846209|BUENO
1234846369|BUENO
1234846432|BUENO
1234846592|BUENO
1234846655|BUENO
2345669144|MOROSO
2345668970|BUENO
2345669367|MOROSO
2345670103|BUENO
2345669590|MOROSO
2345669716|MOROSO
2345669939|MOROSO
2345670326|BUENO
2345671169|BUENO
2345670995|BUENO
2345671392|MOROSO
2345671518|MOROSO
1234846718|MOROSO
1234846878|BUENO
1234847498|MOROSO
1234847561|MOROSO
1234847624|MOROSO
1234846941|BUENO
1234847052|BUENO
1234847338|BUENO
2345670772|BUENO
2345670549|BUENO
1234847784|MOROSO
1234847847|BUENO
1234847910|MOROSO
1234848181|MOROSO
1234848021|MOROSO
1234848244|BUENO
1234848467|BUENO
1234848307|BUENO
1234848530|BUENO
1234848690|BUENO
2345674173|BUENO
2345674968|MOROSO
2345674745|BUENO
2345674522|MOROSO
2345674396|MOROSO
